scenario,matches,troops_per_player,battlefields,total_battlefield_value,avg_runtime_ms,max_runtime_ms,avg_score_margin_abs,draw_rate,avg_tied_battlefields
baseline,20250,20,5,15,0.015846335898256965,10.452399990754202,3.6180246913580247,0.13318518518518518,1.2035061728395062
high_value,24300,40,6,42,0.018901699619059194,31.595900014508516,10.987818930041152,0.08563786008230452,1.0075720164609054
large,28350,45,8,36,0.023348049339312713,27.50169998034835,10.621552028218694,0.08335097001763668,1.5667372134038802
medium,24300,30,6,21,0.01638734158547212,1.5536000137217343,5.413168724279835,0.09913580246913581,1.0539506172839506
small,12150,15,4,10,0.013525860126364071,0.8954000077210367,2.349053497942387,0.15102880658436213,0.8783539094650206
wide,32400,60,10,49,0.026721382718626698,34.06209999229759,13.019722222222223,0.09243827160493827,1.8426543209876542
