scenario,matches,troops_per_player,battlefields,total_battlefield_value,avg_runtime_ms,max_runtime_ms,avg_score_margin_abs,draw_rate,avg_tied_battlefields
baseline,4000,20,5,15,0.005923375061684055,0.2598999999463558,3.7345,0.2085,1.4255
high_value,4800,40,6,42,0.007203812535105196,0.12620000052265823,12.64625,0.13833333333333334,1.1720833333333334
large,5600,45,8,36,0.008688285659965394,0.15390000771731138,11.027142857142858,0.11785714285714285,1.7739285714285715
medium,4800,30,6,21,0.007143291804823093,0.20229999790899456,5.794583333333334,0.19854166666666667,1.4720833333333334
small,2400,15,4,10,0.005659791398405408,0.4820000031031668,2.183333333333333,0.18791666666666668,0.93625
wide,6400,60,10,49,0.008954984502906882,0.2817999920807779,14.18515625,0.19609375,2.45
