scenario,matches,troops_per_player,battlefields,total_battlefield_value,avg_runtime_ms,max_runtime_ms,avg_score_margin_abs,draw_rate,avg_tied_battlefields
baseline,20250,20,5,15,0.015690009951890436,0.12260000221431255,3.6180246913580247,0.13318518518518518,1.2035061728395062
high_value,24300,40,6,42,0.022540131685373836,33.210800000233576,10.987818930041152,0.08563786008230452,1.0075720164609054
large,28350,45,8,36,0.018793491998151918,3.122599999187514,10.621552028218694,0.08335097001763668,1.5667372134038802
medium,24300,30,6,21,0.01786054329158079,18.613699998240918,5.413168724279835,0.09913580246913581,1.0539506172839506
small,12150,15,4,10,0.014768238557855227,0.9015999967232347,2.349053497942387,0.15102880658436213,0.8783539094650206
wide,32400,60,10,49,0.02396020683119315,21.585800015600398,13.019722222222223,0.09243827160493827,1.8426543209876542
