{
  "strategies": [
    "anti_top_heavy",
    "balanced_priority",
    "defensive_spread",
    "noisy_weighted",
    "random_partition",
    "top_heavy",
    "uniform",
    "weighted_value",
    "winner_take_most"
  ],
  "matrix": {
    "anti_top_heavy": {
      "anti_top_heavy": 0.0,
      "balanced_priority": 1.0,
      "defensive_spread": 1.0,
      "noisy_weighted": 0.8911031746031747,
      "random_partition": 0.36420238095238094,
      "top_heavy": 1.0,
      "uniform": 0.8711111111111111,
      "weighted_value": 1.0,
      "winner_take_most": -0.3333333333333333
    },
    "balanced_priority": {
      "anti_top_heavy": -1.0,
      "balanced_priority": 0.0,
      "defensive_spread": -0.8333333333333334,
      "noisy_weighted": -0.6406666666666667,
      "random_partition": 0.6532777777777777,
      "top_heavy": 1.0,
      "uniform": 1.0,
      "weighted_value": -1.0,
      "winner_take_most": -0.3333333333333333
    },
    "defensive_spread": {
      "anti_top_heavy": -1.0,
      "balanced_priority": 0.8333333333333334,
      "defensive_spread": 0.0,
      "noisy_weighted": -0.2783730158730159,
      "random_partition": 0.7288015873015873,
      "top_heavy": 1.0,
      "uniform": 1.0,
      "weighted_value": -0.9311111111111111,
      "winner_take_most": -0.3333333333333333
    },
    "noisy_weighted": {
      "anti_top_heavy": -0.874547619047619,
      "balanced_priority": 0.6485912698412698,
      "defensive_spread": 0.20673412698412696,
      "noisy_weighted": 0.0,
      "random_partition": 0.6907857142857142,
      "top_heavy": 1.0,
      "uniform": 0.9512539682539684,
      "weighted_value": -0.05901984126984128,
      "winner_take_most": -0.3311111111111111
    },
    "random_partition": {
      "anti_top_heavy": -0.3592222222222223,
      "balanced_priority": -0.6378373015873016,
      "defensive_spread": -0.7537698412698414,
      "noisy_weighted": -0.665813492063492,
      "random_partition": 0.0,
      "top_heavy": -0.16018253968253968,
      "uniform": -0.5014285714285714,
      "weighted_value": -0.7532460317460318,
      "winner_take_most": -0.2900039682539683
    },
    "top_heavy": {
      "anti_top_heavy": -1.0,
      "balanced_priority": -1.0,
      "defensive_spread": -1.0,
      "noisy_weighted": -1.0,
      "random_partition": 0.16448809523809527,
      "top_heavy": 0.0,
      "uniform": -1.0,
      "weighted_value": -1.0,
      "winner_take_most": 1.0
    },
    "uniform": {
      "anti_top_heavy": -0.8833333333333333,
      "balanced_priority": -1.0,
      "defensive_spread": -1.0,
      "noisy_weighted": -0.9535,
      "random_partition": 0.47456746031746033,
      "top_heavy": 1.0,
      "uniform": 0.0,
      "weighted_value": -1.0,
      "winner_take_most": -0.3333333333333333
    },
    "weighted_value": {
      "anti_top_heavy": -1.0,
      "balanced_priority": 1.0,
      "defensive_spread": 0.9199999999999999,
      "noisy_weighted": 0.07468253968253967,
      "random_partition": 0.7477698412698413,
      "top_heavy": 1.0,
      "uniform": 1.0,
      "weighted_value": 0.0,
      "winner_take_most": -0.3333333333333333
    },
    "winner_take_most": {
      "anti_top_heavy": 0.3333333333333333,
      "balanced_priority": 0.3333333333333333,
      "defensive_spread": 0.3333333333333333,
      "noisy_weighted": 0.3311111111111111,
      "random_partition": 0.30598015873015877,
      "top_heavy": -1.0,
      "uniform": 0.3333333333333333,
      "weighted_value": 0.3333333333333333,
      "winner_take_most": 0.0
    }
  }
}